<?xml version='1.0' encoding='utf-8'?>
<project xmlns="http://www.plcopen.org/xml/tc6_0201" xmlns:xsd="http://www.w3.org/2001/XMLSchema" xmlns:xhtml="http://www.w3.org/1999/xhtml" xmlns:ns1="http://www.plcopen.org/xml/tc6_0201">
  <fileHeader companyName="Inconnu" productName="SansNom" productVersion="1" creationDateTime="2024-05-01T19:09:14"/>
  <contentHeader name="SansNom" modificationDateTime="2024-05-02T00:55:43">
    <coordinateInfo>
      <fbd>
        <scaling x="10" y="10"/>
      </fbd>
      <ld>
        <scaling x="10" y="10"/>
      </ld>
      <sfc>
        <scaling x="10" y="10"/>
      </sfc>
    </coordinateInfo>
  </contentHeader>
  <types>
    <dataTypes/>
    <pous>
      <pou name="program0" pouType="program">
        <interface>
          <localVars>
            <variable name="BP" address="%IX0.0">
              <type>
                <BOOL/>
              </type>
              <documentation>
                <xhtml:p><![CDATA[Ceci est le bouton poussoir]]></xhtml:p>
              </documentation>
            </variable>
            <variable name="LED1" address="%QX0.0">
              <type>
                <BOOL/>
              </type>
              <documentation>
                <xhtml:p><![CDATA[LED]]></xhtml:p>
              </documentation>
            </variable>
            <variable name="LED2" address="%QX0.1">
              <type>
                <BOOL/>
              </type>
              <documentation>
                <xhtml:p><![CDATA[LED]]></xhtml:p>
              </documentation>
            </variable>
            <variable name="LED3" address="%QX0.2">
              <type>
                <BOOL/>
              </type>
              <documentation>
                <xhtml:p><![CDATA[LED]]></xhtml:p>
              </documentation>
            </variable>
            <variable name="LED4" address="%QX0.3">
              <type>
                <BOOL/>
              </type>
              <documentation>
                <xhtml:p><![CDATA[LED]]></xhtml:p>
              </documentation>
            </variable>
          </localVars>
          <localVars>
            <variable name="DCY">
              <type>
                <BOOL/>
              </type>
              <documentation>
                <xhtml:p><![CDATA[DCY]]></xhtml:p>
              </documentation>
            </variable>
            <variable name="VAR1">
              <type>
                <BOOL/>
              </type>
              <documentation>
                <xhtml:p><![CDATA[Variable auxiliaire]]></xhtml:p>
              </documentation>
            </variable>
            <variable name="VAR2">
              <type>
                <BOOL/>
              </type>
              <documentation>
                <xhtml:p><![CDATA[Variable auxiliaire]]></xhtml:p>
              </documentation>
            </variable>
            <variable name="TON0">
              <type>
                <derived name="TON"/>
              </type>
            </variable>
            <variable name="TON1">
              <type>
                <derived name="TON"/>
              </type>
            </variable>
            <variable name="TON2">
              <type>
                <derived name="TON"/>
              </type>
            </variable>
            <variable name="TON3">
              <type>
                <derived name="TON"/>
              </type>
            </variable>
          </localVars>
        </interface>
        <body>
          <LD>
            <leftPowerRail localId="1" width="10" height="1200">
              <position x="110" y="590"/>
              <connectionPointOut formalParameter="">
                <relPosition x="10" y="20"/>
              </connectionPointOut>
              <connectionPointOut formalParameter="">
                <relPosition x="10" y="60"/>
              </connectionPointOut>
              <connectionPointOut formalParameter="">
                <relPosition x="10" y="100"/>
              </connectionPointOut>
              <connectionPointOut formalParameter="">
                <relPosition x="10" y="140"/>
              </connectionPointOut>
              <connectionPointOut formalParameter="">
                <relPosition x="10" y="180"/>
              </connectionPointOut>
              <connectionPointOut formalParameter="">
                <relPosition x="10" y="220"/>
              </connectionPointOut>
              <connectionPointOut formalParameter="">
                <relPosition x="10" y="260"/>
              </connectionPointOut>
              <connectionPointOut formalParameter="">
                <relPosition x="10" y="300"/>
              </connectionPointOut>
              <connectionPointOut formalParameter="">
                <relPosition x="10" y="340"/>
              </connectionPointOut>
              <connectionPointOut formalParameter="">
                <relPosition x="10" y="380"/>
              </connectionPointOut>
              <connectionPointOut formalParameter="">
                <relPosition x="10" y="420"/>
              </connectionPointOut>
              <connectionPointOut formalParameter="">
                <relPosition x="10" y="460"/>
              </connectionPointOut>
              <connectionPointOut formalParameter="">
                <relPosition x="10" y="500"/>
              </connectionPointOut>
              <connectionPointOut formalParameter="">
                <relPosition x="10" y="540"/>
              </connectionPointOut>
              <connectionPointOut formalParameter="">
                <relPosition x="10" y="580"/>
              </connectionPointOut>
              <connectionPointOut formalParameter="">
                <relPosition x="10" y="620"/>
              </connectionPointOut>
              <connectionPointOut formalParameter="">
                <relPosition x="10" y="660"/>
              </connectionPointOut>
              <connectionPointOut formalParameter="">
                <relPosition x="10" y="700"/>
              </connectionPointOut>
              <connectionPointOut formalParameter="">
                <relPosition x="10" y="740"/>
              </connectionPointOut>
              <connectionPointOut formalParameter="">
                <relPosition x="10" y="780"/>
              </connectionPointOut>
              <connectionPointOut formalParameter="">
                <relPosition x="10" y="820"/>
              </connectionPointOut>
              <connectionPointOut formalParameter="">
                <relPosition x="10" y="860"/>
              </connectionPointOut>
              <connectionPointOut formalParameter="">
                <relPosition x="10" y="900"/>
              </connectionPointOut>
              <connectionPointOut formalParameter="">
                <relPosition x="10" y="940"/>
              </connectionPointOut>
              <connectionPointOut formalParameter="">
                <relPosition x="10" y="980"/>
              </connectionPointOut>
              <connectionPointOut formalParameter="">
                <relPosition x="10" y="1020"/>
              </connectionPointOut>
              <connectionPointOut formalParameter="">
                <relPosition x="10" y="1060"/>
              </connectionPointOut>
              <connectionPointOut formalParameter="">
                <relPosition x="10" y="1100"/>
              </connectionPointOut>
              <connectionPointOut formalParameter="">
                <relPosition x="10" y="1140"/>
              </connectionPointOut>
              <connectionPointOut formalParameter="">
                <relPosition x="10" y="1180"/>
              </connectionPointOut>
            </leftPowerRail>
            <rightPowerRail localId="2" width="10" height="1200">
              <position x="540" y="590"/>
              <connectionPointIn>
                <relPosition x="0" y="20"/>
                <connection refLocalId="4">
                  <position x="540" y="610"/>
                  <position x="471" y="610"/>
                </connection>
              </connectionPointIn>
              <connectionPointIn>
                <relPosition x="0" y="60"/>
                <connection refLocalId="6">
                  <position x="540" y="650"/>
                  <position x="421" y="650"/>
                </connection>
              </connectionPointIn>
              <connectionPointIn>
                <relPosition x="0" y="100"/>
                <connection refLocalId="33">
                  <position x="540" y="690"/>
                  <position x="421" y="690"/>
                </connection>
              </connectionPointIn>
              <connectionPointIn>
                <relPosition x="0" y="140"/>
                <connection refLocalId="10">
                  <position x="540" y="730"/>
                  <position x="421" y="730"/>
                </connection>
              </connectionPointIn>
              <connectionPointIn>
                <relPosition x="0" y="180"/>
                <connection refLocalId="11">
                  <position x="540" y="770"/>
                  <position x="421" y="770"/>
                </connection>
              </connectionPointIn>
              <connectionPointIn>
                <relPosition x="0" y="220"/>
                <connection refLocalId="15">
                  <position x="540" y="810"/>
                  <position x="411" y="810"/>
                </connection>
              </connectionPointIn>
              <connectionPointIn>
                <relPosition x="0" y="260"/>
                <connection refLocalId="16">
                  <position x="540" y="850"/>
                  <position x="411" y="850"/>
                </connection>
              </connectionPointIn>
              <connectionPointIn>
                <relPosition x="0" y="300"/>
              </connectionPointIn>
              <connectionPointIn>
                <relPosition x="0" y="340"/>
                <connection refLocalId="20">
                  <position x="540" y="930"/>
                  <position x="401" y="930"/>
                </connection>
              </connectionPointIn>
              <connectionPointIn>
                <relPosition x="0" y="380"/>
                <connection refLocalId="21">
                  <position x="540" y="970"/>
                  <position x="401" y="970"/>
                </connection>
              </connectionPointIn>
              <connectionPointIn>
                <relPosition x="0" y="420"/>
              </connectionPointIn>
              <connectionPointIn>
                <relPosition x="0" y="460"/>
                <connection refLocalId="25">
                  <position x="540" y="1050"/>
                  <position x="391" y="1050"/>
                </connection>
              </connectionPointIn>
              <connectionPointIn>
                <relPosition x="0" y="500"/>
                <connection refLocalId="27">
                  <position x="540" y="1090"/>
                  <position x="391" y="1090"/>
                </connection>
              </connectionPointIn>
              <connectionPointIn>
                <relPosition x="0" y="540"/>
              </connectionPointIn>
              <connectionPointIn>
                <relPosition x="0" y="580"/>
                <connection refLocalId="28">
                  <position x="540" y="1170"/>
                  <position x="521" y="1170"/>
                </connection>
              </connectionPointIn>
              <connectionPointIn>
                <relPosition x="0" y="620"/>
                <connection refLocalId="41">
                  <position x="540" y="1210"/>
                  <position x="521" y="1210"/>
                </connection>
              </connectionPointIn>
              <connectionPointIn>
                <relPosition x="0" y="660"/>
                <connection refLocalId="46">
                  <position x="540" y="1250"/>
                  <position x="521" y="1250"/>
                </connection>
              </connectionPointIn>
              <connectionPointIn>
                <relPosition x="0" y="700"/>
                <connection refLocalId="51">
                  <position x="540" y="1290"/>
                  <position x="521" y="1290"/>
                </connection>
              </connectionPointIn>
              <connectionPointIn>
                <relPosition x="0" y="740"/>
              </connectionPointIn>
              <connectionPointIn>
                <relPosition x="0" y="780"/>
                <connection refLocalId="72">
                  <position x="540" y="1370"/>
                  <position x="270" y="1370"/>
                </connection>
              </connectionPointIn>
              <connectionPointIn>
                <relPosition x="0" y="820"/>
                <connection refLocalId="73">
                  <position x="540" y="1410"/>
                  <position x="405" y="1410"/>
                  <position x="405" y="1400"/>
                  <position x="270" y="1400"/>
                </connection>
              </connectionPointIn>
              <connectionPointIn>
                <relPosition x="0" y="860"/>
                <connection refLocalId="74">
                  <position x="540" y="1450"/>
                  <position x="405" y="1450"/>
                  <position x="405" y="1430"/>
                  <position x="270" y="1430"/>
                </connection>
              </connectionPointIn>
              <connectionPointIn>
                <relPosition x="0" y="900"/>
                <connection refLocalId="75">
                  <position x="540" y="1490"/>
                  <position x="405" y="1490"/>
                  <position x="405" y="1460"/>
                  <position x="270" y="1460"/>
                </connection>
              </connectionPointIn>
              <connectionPointIn>
                <relPosition x="0" y="940"/>
                <connection refLocalId="76">
                  <position x="540" y="1530"/>
                  <position x="380" y="1530"/>
                  <position x="380" y="1490"/>
                  <position x="270" y="1490"/>
                </connection>
              </connectionPointIn>
              <connectionPointIn>
                <relPosition x="0" y="980"/>
              </connectionPointIn>
              <connectionPointIn>
                <relPosition x="0" y="1020"/>
              </connectionPointIn>
              <connectionPointIn>
                <relPosition x="0" y="1060"/>
              </connectionPointIn>
              <connectionPointIn>
                <relPosition x="0" y="1100"/>
              </connectionPointIn>
              <connectionPointIn>
                <relPosition x="0" y="1140"/>
              </connectionPointIn>
              <connectionPointIn>
                <relPosition x="0" y="1180"/>
              </connectionPointIn>
            </rightPowerRail>
            <contact localId="3" negated="false" width="21" height="20">
              <position x="170" y="600"/>
              <connectionPointIn>
                <relPosition x="0" y="10"/>
                <connection refLocalId="1">
                  <position x="170" y="610"/>
                  <position x="120" y="610"/>
                </connection>
              </connectionPointIn>
              <connectionPointOut>
                <relPosition x="21" y="10"/>
              </connectionPointOut>
              <variable>BP</variable>
            </contact>
            <coil localId="4" negated="false" width="21" height="20" storage="set">
              <position x="450" y="600"/>
              <connectionPointIn>
                <relPosition x="0" y="10"/>
                <connection refLocalId="3">
                  <position x="450" y="610"/>
                  <position x="191" y="610"/>
                </connection>
              </connectionPointIn>
              <connectionPointOut>
                <relPosition x="21" y="10"/>
              </connectionPointOut>
              <variable>DCY</variable>
            </coil>
            <contact localId="5" negated="false" width="21" height="20">
              <position x="210" y="640"/>
              <connectionPointIn>
                <relPosition x="0" y="10"/>
                <connection refLocalId="1">
                  <position x="210" y="650"/>
                  <position x="120" y="650"/>
                </connection>
              </connectionPointIn>
              <connectionPointOut>
                <relPosition x="21" y="10"/>
              </connectionPointOut>
              <variable>DCY</variable>
            </contact>
            <coil localId="6" negated="false" storage="set" width="21" height="20">
              <position x="400" y="640"/>
              <connectionPointIn>
                <relPosition x="0" y="10"/>
                <connection refLocalId="5">
                  <position x="400" y="650"/>
                  <position x="231" y="650"/>
                </connection>
              </connectionPointIn>
              <connectionPointOut>
                <relPosition x="21" y="10"/>
              </connectionPointOut>
              <variable>LED1</variable>
            </coil>
            <block localId="8" typeName="TON" instanceName="TON0" width="50" height="60">
              <position x="300" y="700"/>
              <inputVariables>
                <variable formalParameter="IN">
                  <connectionPointIn>
                    <relPosition x="0" y="30"/>
                    <connection refLocalId="7">
                      <position x="300" y="730"/>
                      <position x="231" y="730"/>
                    </connection>
                  </connectionPointIn>
                </variable>
                <variable formalParameter="PT">
                  <connectionPointIn>
                    <relPosition x="0" y="50"/>
                    <connection refLocalId="9">
                      <position x="300" y="750"/>
                      <position x="280" y="750"/>
                      <position x="280" y="770"/>
                      <position x="260" y="770"/>
                    </connection>
                  </connectionPointIn>
                </variable>
              </inputVariables>
              <inOutVariables/>
              <outputVariables>
                <variable formalParameter="Q">
                  <connectionPointOut>
                    <relPosition x="50" y="30"/>
                  </connectionPointOut>
                </variable>
                <variable formalParameter="ET">
                  <connectionPointOut>
                    <relPosition x="50" y="50"/>
                  </connectionPointOut>
                </variable>
              </outputVariables>
            </block>
            <coil localId="10" negated="false" storage="reset" width="21" height="20" executionOrderId="0">
              <position x="400" y="720"/>
              <connectionPointIn>
                <relPosition x="0" y="10"/>
                <connection refLocalId="8" formalParameter="Q">
                  <position x="400" y="730"/>
                  <position x="350" y="730"/>
                </connection>
              </connectionPointIn>
              <connectionPointOut>
                <relPosition x="21" y="10"/>
              </connectionPointOut>
              <variable>LED1</variable>
            </coil>
            <contact localId="7" negated="false" width="21" height="20" executionOrderId="0">
              <position x="210" y="720"/>
              <connectionPointIn>
                <relPosition x="0" y="10"/>
                <connection refLocalId="1">
                  <position x="210" y="730"/>
                  <position x="120" y="730"/>
                </connection>
              </connectionPointIn>
              <connectionPointOut>
                <relPosition x="21" y="10"/>
              </connectionPointOut>
              <variable>LED1</variable>
            </contact>
            <inVariable localId="9" width="80" height="30" negated="false" executionOrderId="0">
              <position x="180" y="750"/>
              <connectionPointOut>
                <relPosition x="80" y="20"/>
              </connectionPointOut>
              <expression>T#5000ms</expression>
            </inVariable>
            <coil localId="11" negated="false" storage="set" width="21" height="20" executionOrderId="0">
              <position x="400" y="760"/>
              <connectionPointIn>
                <relPosition x="0" y="10"/>
                <connection refLocalId="8" formalParameter="Q">
                  <position x="400" y="770"/>
                  <position x="375" y="770"/>
                  <position x="375" y="730"/>
                  <position x="350" y="730"/>
                </connection>
              </connectionPointIn>
              <connectionPointOut>
                <relPosition x="21" y="10"/>
              </connectionPointOut>
              <variable>LED2</variable>
            </coil>
            <coil localId="15" negated="false" storage="reset" width="21" height="20" executionOrderId="0">
              <position x="390" y="800"/>
              <connectionPointIn>
                <relPosition x="0" y="10"/>
                <connection refLocalId="13" formalParameter="Q">
                  <position x="390" y="810"/>
                  <position x="350" y="810"/>
                </connection>
              </connectionPointIn>
              <connectionPointOut>
                <relPosition x="21" y="10"/>
              </connectionPointOut>
              <variable>LED2</variable>
            </coil>
            <block localId="13" typeName="TON" instanceName="TON1" width="50" height="60" executionOrderId="0">
              <position x="300" y="780"/>
              <inputVariables>
                <variable formalParameter="IN">
                  <connectionPointIn>
                    <relPosition x="0" y="30"/>
                    <connection refLocalId="12">
                      <position x="300" y="810"/>
                      <position x="231" y="810"/>
                    </connection>
                  </connectionPointIn>
                </variable>
                <variable formalParameter="PT">
                  <connectionPointIn>
                    <relPosition x="0" y="50"/>
                    <connection refLocalId="14">
                      <position x="300" y="830"/>
                      <position x="280" y="830"/>
                      <position x="280" y="850"/>
                      <position x="260" y="850"/>
                    </connection>
                  </connectionPointIn>
                </variable>
              </inputVariables>
              <inOutVariables/>
              <outputVariables>
                <variable formalParameter="Q">
                  <connectionPointOut>
                    <relPosition x="50" y="30"/>
                  </connectionPointOut>
                </variable>
                <variable formalParameter="ET">
                  <connectionPointOut>
                    <relPosition x="50" y="50"/>
                  </connectionPointOut>
                </variable>
              </outputVariables>
            </block>
            <contact localId="12" negated="false" width="21" height="20" executionOrderId="0">
              <position x="210" y="800"/>
              <connectionPointIn>
                <relPosition x="0" y="10"/>
                <connection refLocalId="1">
                  <position x="210" y="810"/>
                  <position x="120" y="810"/>
                </connection>
              </connectionPointIn>
              <connectionPointOut>
                <relPosition x="21" y="10"/>
              </connectionPointOut>
              <variable>LED2</variable>
            </contact>
            <inVariable localId="14" width="80" height="30" negated="false" executionOrderId="0">
              <position x="180" y="840"/>
              <connectionPointOut>
                <relPosition x="80" y="10"/>
              </connectionPointOut>
              <expression>T#5000ms</expression>
            </inVariable>
            <coil localId="16" negated="false" storage="set" width="21" height="20" executionOrderId="0">
              <position x="390" y="840"/>
              <connectionPointIn>
                <relPosition x="0" y="10"/>
                <connection refLocalId="13" formalParameter="Q">
                  <position x="390" y="850"/>
                  <position x="370" y="850"/>
                  <position x="370" y="810"/>
                  <position x="350" y="810"/>
                </connection>
              </connectionPointIn>
              <connectionPointOut>
                <relPosition x="21" y="10"/>
              </connectionPointOut>
              <variable>LED3</variable>
            </coil>
            <coil localId="20" negated="false" storage="reset" width="21" height="20" executionOrderId="0">
              <position x="380" y="920"/>
              <connectionPointIn>
                <relPosition x="0" y="10"/>
                <connection refLocalId="18" formalParameter="Q">
                  <position x="380" y="930"/>
                  <position x="330" y="930"/>
                </connection>
              </connectionPointIn>
              <connectionPointOut>
                <relPosition x="21" y="10"/>
              </connectionPointOut>
              <variable>LED3</variable>
            </coil>
            <block localId="18" typeName="TON" instanceName="TON2" width="50" height="60" executionOrderId="0">
              <position x="280" y="900"/>
              <inputVariables>
                <variable formalParameter="IN">
                  <connectionPointIn>
                    <relPosition x="0" y="30"/>
                    <connection refLocalId="17">
                      <position x="280" y="930"/>
                      <position x="221" y="930"/>
                    </connection>
                  </connectionPointIn>
                </variable>
                <variable formalParameter="PT">
                  <connectionPointIn>
                    <relPosition x="0" y="50"/>
                    <connection refLocalId="19">
                      <position x="280" y="950"/>
                      <position x="265" y="950"/>
                      <position x="265" y="970"/>
                      <position x="250" y="970"/>
                    </connection>
                  </connectionPointIn>
                </variable>
              </inputVariables>
              <inOutVariables/>
              <outputVariables>
                <variable formalParameter="Q">
                  <connectionPointOut>
                    <relPosition x="50" y="30"/>
                  </connectionPointOut>
                </variable>
                <variable formalParameter="ET">
                  <connectionPointOut>
                    <relPosition x="50" y="50"/>
                  </connectionPointOut>
                </variable>
              </outputVariables>
            </block>
            <contact localId="17" negated="false" width="21" height="20" executionOrderId="0">
              <position x="200" y="920"/>
              <connectionPointIn>
                <relPosition x="0" y="10"/>
                <connection refLocalId="1">
                  <position x="200" y="930"/>
                  <position x="120" y="930"/>
                </connection>
              </connectionPointIn>
              <connectionPointOut>
                <relPosition x="21" y="10"/>
              </connectionPointOut>
              <variable>LED3</variable>
            </contact>
            <inVariable localId="19" width="80" height="30" negated="false" executionOrderId="0">
              <position x="170" y="960"/>
              <connectionPointOut>
                <relPosition x="80" y="10"/>
              </connectionPointOut>
              <expression>T#5000ms</expression>
            </inVariable>
            <coil localId="21" negated="false" storage="set" width="21" height="20" executionOrderId="0">
              <position x="380" y="960"/>
              <connectionPointIn>
                <relPosition x="0" y="10"/>
                <connection refLocalId="18" formalParameter="Q">
                  <position x="380" y="970"/>
                  <position x="355" y="970"/>
                  <position x="355" y="930"/>
                  <position x="330" y="930"/>
                </connection>
              </connectionPointIn>
              <connectionPointOut>
                <relPosition x="21" y="10"/>
              </connectionPointOut>
              <variable>LED4</variable>
            </coil>
            <coil localId="25" negated="false" storage="reset" width="21" height="20" executionOrderId="0">
              <position x="370" y="1040"/>
              <connectionPointIn>
                <relPosition x="0" y="10"/>
                <connection refLocalId="23" formalParameter="Q">
                  <position x="370" y="1050"/>
                  <position x="330" y="1050"/>
                </connection>
              </connectionPointIn>
              <connectionPointOut>
                <relPosition x="21" y="10"/>
              </connectionPointOut>
              <variable>LED4</variable>
            </coil>
            <block localId="23" typeName="TON" instanceName="TON3" width="50" height="60" executionOrderId="0">
              <position x="280" y="1020"/>
              <inputVariables>
                <variable formalParameter="IN">
                  <connectionPointIn>
                    <relPosition x="0" y="30"/>
                    <connection refLocalId="22">
                      <position x="280" y="1050"/>
                      <position x="231" y="1050"/>
                    </connection>
                  </connectionPointIn>
                </variable>
                <variable formalParameter="PT">
                  <connectionPointIn>
                    <relPosition x="0" y="50"/>
                    <connection refLocalId="24">
                      <position x="280" y="1070"/>
                      <position x="265" y="1070"/>
                      <position x="265" y="1090"/>
                      <position x="250" y="1090"/>
                    </connection>
                  </connectionPointIn>
                </variable>
              </inputVariables>
              <inOutVariables/>
              <outputVariables>
                <variable formalParameter="Q">
                  <connectionPointOut>
                    <relPosition x="50" y="30"/>
                  </connectionPointOut>
                </variable>
                <variable formalParameter="ET">
                  <connectionPointOut>
                    <relPosition x="50" y="50"/>
                  </connectionPointOut>
                </variable>
              </outputVariables>
            </block>
            <contact localId="22" negated="false" width="21" height="20" executionOrderId="0">
              <position x="210" y="1040"/>
              <connectionPointIn>
                <relPosition x="0" y="10"/>
                <connection refLocalId="1">
                  <position x="210" y="1050"/>
                  <position x="120" y="1050"/>
                </connection>
              </connectionPointIn>
              <connectionPointOut>
                <relPosition x="21" y="10"/>
              </connectionPointOut>
              <variable>LED4</variable>
            </contact>
            <inVariable localId="24" width="80" height="30" negated="false" executionOrderId="0">
              <position x="170" y="1080"/>
              <connectionPointOut>
                <relPosition x="80" y="10"/>
              </connectionPointOut>
              <expression>T#5000ms</expression>
            </inVariable>
            <coil localId="27" negated="false" storage="set" width="21" height="20" executionOrderId="0">
              <position x="370" y="1080"/>
              <connectionPointIn>
                <relPosition x="0" y="10"/>
                <connection refLocalId="23" formalParameter="Q">
                  <position x="370" y="1090"/>
                  <position x="350" y="1090"/>
                  <position x="350" y="1050"/>
                  <position x="330" y="1050"/>
                </connection>
              </connectionPointIn>
              <connectionPointOut>
                <relPosition x="21" y="10"/>
              </connectionPointOut>
              <variable>LED1</variable>
            </coil>
            <coil localId="33" negated="false" storage="reset" width="21" height="20">
              <position x="400" y="680"/>
              <connectionPointIn>
                <relPosition x="0" y="10"/>
                <connection refLocalId="5">
                  <position x="400" y="690"/>
                  <position x="345" y="690"/>
                  <position x="345" y="650"/>
                  <position x="231" y="650"/>
                </connection>
              </connectionPointIn>
              <connectionPointOut>
                <relPosition x="21" y="10"/>
              </connectionPointOut>
              <variable>DCY</variable>
            </coil>
            <leftPowerRail localId="34" width="10" height="160">
              <position x="110" y="440"/>
              <connectionPointOut formalParameter="">
                <relPosition x="10" y="20"/>
              </connectionPointOut>
              <connectionPointOut formalParameter="">
                <relPosition x="10" y="60"/>
              </connectionPointOut>
              <connectionPointOut formalParameter="">
                <relPosition x="10" y="100"/>
              </connectionPointOut>
              <connectionPointOut formalParameter="">
                <relPosition x="10" y="140"/>
              </connectionPointOut>
            </leftPowerRail>
            <rightPowerRail localId="35" width="10" height="160">
              <position x="540" y="440"/>
              <connectionPointIn>
                <relPosition x="0" y="20"/>
                <connection refLocalId="58">
                  <position x="540" y="460"/>
                  <position x="491" y="460"/>
                </connection>
              </connectionPointIn>
              <connectionPointIn>
                <relPosition x="0" y="60"/>
              </connectionPointIn>
              <connectionPointIn>
                <relPosition x="0" y="100"/>
                <connection refLocalId="39">
                  <position x="540" y="540"/>
                  <position x="510" y="540"/>
                  <position x="510" y="560"/>
                  <position x="481" y="560"/>
                </connection>
              </connectionPointIn>
              <connectionPointIn>
                <relPosition x="0" y="140"/>
              </connectionPointIn>
            </rightPowerRail>
            <coil localId="39" negated="false" width="21" height="20">
              <position x="460" y="550"/>
              <connectionPointIn>
                <relPosition x="0" y="10"/>
                <connection refLocalId="3">
                  <position x="460" y="560"/>
                  <position x="325" y="560"/>
                  <position x="325" y="610"/>
                  <position x="191" y="610"/>
                </connection>
              </connectionPointIn>
              <connectionPointOut>
                <relPosition x="21" y="10"/>
              </connectionPointOut>
              <variable>VAR1</variable>
            </coil>
            <coil localId="28" negated="false" storage="reset" width="21" height="20" executionOrderId="0">
              <position x="500" y="1160"/>
              <connectionPointIn>
                <relPosition x="0" y="10"/>
                <connection refLocalId="61">
                  <position x="500" y="1170"/>
                  <position x="471" y="1170"/>
                </connection>
              </connectionPointIn>
              <connectionPointOut>
                <relPosition x="21" y="10"/>
              </connectionPointOut>
              <variable>VAR2</variable>
            </coil>
            <contact localId="30" negated="true" width="21" height="20" executionOrderId="0">
              <position x="340" y="1160"/>
              <connectionPointIn>
                <relPosition x="0" y="10"/>
                <connection refLocalId="31">
                  <position x="340" y="1170"/>
                  <position x="301" y="1170"/>
                </connection>
                <connection refLocalId="31">
                  <position x="340" y="1170"/>
                  <position x="301" y="1170"/>
                </connection>
              </connectionPointIn>
              <connectionPointOut>
                <relPosition x="21" y="10"/>
              </connectionPointOut>
              <variable>LED4</variable>
            </contact>
            <contact localId="31" negated="true" width="21" height="20" executionOrderId="0">
              <position x="280" y="1160"/>
              <connectionPointIn>
                <relPosition x="0" y="10"/>
                <connection refLocalId="32">
                  <position x="280" y="1170"/>
                  <position x="251" y="1170"/>
                </connection>
              </connectionPointIn>
              <connectionPointOut>
                <relPosition x="21" y="10"/>
              </connectionPointOut>
              <variable>LED3</variable>
            </contact>
            <contact localId="32" negated="true" width="21" height="20" executionOrderId="0">
              <position x="230" y="1160"/>
              <connectionPointIn>
                <relPosition x="0" y="10"/>
                <connection refLocalId="40">
                  <position x="230" y="1170"/>
                  <position x="191" y="1170"/>
                </connection>
              </connectionPointIn>
              <connectionPointOut>
                <relPosition x="21" y="10"/>
              </connectionPointOut>
              <variable>LED2</variable>
            </contact>
            <contact localId="40" negated="false" width="21" height="20" executionOrderId="0">
              <position x="170" y="1160"/>
              <connectionPointIn>
                <relPosition x="0" y="10"/>
                <connection refLocalId="1">
                  <position x="170" y="1170"/>
                  <position x="120" y="1170"/>
                </connection>
              </connectionPointIn>
              <connectionPointOut>
                <relPosition x="21" y="10"/>
              </connectionPointOut>
              <variable>LED1</variable>
            </contact>
            <coil localId="41" negated="false" storage="reset" width="21" height="20" executionOrderId="0">
              <position x="500" y="1200"/>
              <connectionPointIn>
                <relPosition x="0" y="10"/>
                <connection refLocalId="62">
                  <position x="500" y="1210"/>
                  <position x="471" y="1210"/>
                </connection>
              </connectionPointIn>
              <connectionPointOut>
                <relPosition x="21" y="10"/>
              </connectionPointOut>
              <variable>VAR2</variable>
            </coil>
            <contact localId="42" negated="true" width="21" height="20" executionOrderId="0">
              <position x="340" y="1210"/>
              <connectionPointIn>
                <relPosition x="0" y="10"/>
                <connection refLocalId="43">
                  <position x="340" y="1220"/>
                  <position x="301" y="1220"/>
                </connection>
                <connection refLocalId="43">
                  <position x="340" y="1220"/>
                  <position x="301" y="1220"/>
                </connection>
              </connectionPointIn>
              <connectionPointOut>
                <relPosition x="21" y="10"/>
              </connectionPointOut>
              <variable>LED4</variable>
            </contact>
            <contact localId="43" negated="true" width="21" height="20" executionOrderId="0">
              <position x="280" y="1210"/>
              <connectionPointIn>
                <relPosition x="0" y="10"/>
                <connection refLocalId="44">
                  <position x="280" y="1220"/>
                  <position x="251" y="1220"/>
                </connection>
              </connectionPointIn>
              <connectionPointOut>
                <relPosition x="21" y="10"/>
              </connectionPointOut>
              <variable>LED3</variable>
            </contact>
            <contact localId="44" negated="false" width="21" height="20" executionOrderId="0">
              <position x="230" y="1210"/>
              <connectionPointIn>
                <relPosition x="0" y="10"/>
                <connection refLocalId="45">
                  <position x="230" y="1220"/>
                  <position x="191" y="1220"/>
                </connection>
              </connectionPointIn>
              <connectionPointOut>
                <relPosition x="21" y="10"/>
              </connectionPointOut>
              <variable>LED2</variable>
            </contact>
            <contact localId="45" negated="true" width="21" height="20" executionOrderId="0">
              <position x="170" y="1210"/>
              <connectionPointIn>
                <relPosition x="0" y="10"/>
                <connection refLocalId="1">
                  <position x="170" y="1220"/>
                  <position x="145" y="1220"/>
                  <position x="145" y="1210"/>
                  <position x="120" y="1210"/>
                </connection>
              </connectionPointIn>
              <connectionPointOut>
                <relPosition x="21" y="10"/>
              </connectionPointOut>
              <variable>LED1</variable>
            </contact>
            <coil localId="46" negated="false" storage="reset" width="21" height="20" executionOrderId="0">
              <position x="500" y="1240"/>
              <connectionPointIn>
                <relPosition x="0" y="10"/>
                <connection refLocalId="63">
                  <position x="500" y="1250"/>
                  <position x="471" y="1250"/>
                </connection>
              </connectionPointIn>
              <connectionPointOut>
                <relPosition x="21" y="10"/>
              </connectionPointOut>
              <variable>VAR2</variable>
            </coil>
            <contact localId="47" negated="true" width="21" height="20" executionOrderId="0">
              <position x="340" y="1250"/>
              <connectionPointIn>
                <relPosition x="0" y="10"/>
                <connection refLocalId="48">
                  <position x="340" y="1260"/>
                  <position x="301" y="1260"/>
                </connection>
                <connection refLocalId="48">
                  <position x="340" y="1260"/>
                  <position x="301" y="1260"/>
                </connection>
              </connectionPointIn>
              <connectionPointOut>
                <relPosition x="21" y="10"/>
              </connectionPointOut>
              <variable>LED4</variable>
            </contact>
            <contact localId="48" negated="false" width="21" height="20" executionOrderId="0">
              <position x="280" y="1250"/>
              <connectionPointIn>
                <relPosition x="0" y="10"/>
                <connection refLocalId="49">
                  <position x="280" y="1260"/>
                  <position x="251" y="1260"/>
                </connection>
              </connectionPointIn>
              <connectionPointOut>
                <relPosition x="21" y="10"/>
              </connectionPointOut>
              <variable>LED3</variable>
            </contact>
            <contact localId="49" negated="true" width="21" height="20" executionOrderId="0">
              <position x="230" y="1250"/>
              <connectionPointIn>
                <relPosition x="0" y="10"/>
                <connection refLocalId="50">
                  <position x="230" y="1260"/>
                  <position x="191" y="1260"/>
                </connection>
              </connectionPointIn>
              <connectionPointOut>
                <relPosition x="21" y="10"/>
              </connectionPointOut>
              <variable>LED2</variable>
            </contact>
            <contact localId="50" negated="true" width="21" height="20" executionOrderId="0">
              <position x="170" y="1250"/>
              <connectionPointIn>
                <relPosition x="0" y="10"/>
                <connection refLocalId="1">
                  <position x="170" y="1260"/>
                  <position x="145" y="1260"/>
                  <position x="145" y="1250"/>
                  <position x="120" y="1250"/>
                </connection>
              </connectionPointIn>
              <connectionPointOut>
                <relPosition x="21" y="10"/>
              </connectionPointOut>
              <variable>LED1</variable>
            </contact>
            <coil localId="51" negated="false" storage="reset" width="21" height="20" executionOrderId="0">
              <position x="500" y="1280"/>
              <connectionPointIn>
                <relPosition x="0" y="10"/>
                <connection refLocalId="64">
                  <position x="500" y="1290"/>
                  <position x="471" y="1290"/>
                </connection>
              </connectionPointIn>
              <connectionPointOut>
                <relPosition x="21" y="10"/>
              </connectionPointOut>
              <variable>VAR2</variable>
            </coil>
            <contact localId="52" negated="false" width="21" height="20" executionOrderId="0">
              <position x="340" y="1290"/>
              <connectionPointIn>
                <relPosition x="0" y="10"/>
                <connection refLocalId="53">
                  <position x="340" y="1300"/>
                  <position x="301" y="1300"/>
                </connection>
                <connection refLocalId="53">
                  <position x="340" y="1300"/>
                  <position x="301" y="1300"/>
                </connection>
              </connectionPointIn>
              <connectionPointOut>
                <relPosition x="21" y="10"/>
              </connectionPointOut>
              <variable>LED4</variable>
            </contact>
            <contact localId="53" negated="true" width="21" height="20" executionOrderId="0">
              <position x="280" y="1290"/>
              <connectionPointIn>
                <relPosition x="0" y="10"/>
                <connection refLocalId="54">
                  <position x="280" y="1300"/>
                  <position x="251" y="1300"/>
                </connection>
              </connectionPointIn>
              <connectionPointOut>
                <relPosition x="21" y="10"/>
              </connectionPointOut>
              <variable>LED3</variable>
            </contact>
            <contact localId="54" negated="true" width="21" height="20" executionOrderId="0">
              <position x="230" y="1290"/>
              <connectionPointIn>
                <relPosition x="0" y="10"/>
                <connection refLocalId="55">
                  <position x="230" y="1300"/>
                  <position x="191" y="1300"/>
                </connection>
              </connectionPointIn>
              <connectionPointOut>
                <relPosition x="21" y="10"/>
              </connectionPointOut>
              <variable>LED2</variable>
            </contact>
            <contact localId="55" negated="true" width="21" height="20" executionOrderId="0">
              <position x="170" y="1290"/>
              <connectionPointIn>
                <relPosition x="0" y="10"/>
                <connection refLocalId="1">
                  <position x="170" y="1300"/>
                  <position x="145" y="1300"/>
                  <position x="145" y="1290"/>
                  <position x="120" y="1290"/>
                </connection>
              </connectionPointIn>
              <connectionPointOut>
                <relPosition x="21" y="10"/>
              </connectionPointOut>
              <variable>LED1</variable>
            </contact>
            <contact localId="57" negated="true" width="21" height="20">
              <position x="370" y="450"/>
              <connectionPointIn>
                <relPosition x="0" y="10"/>
                <connection refLocalId="37">
                  <position x="370" y="460"/>
                  <position x="341" y="460"/>
                </connection>
              </connectionPointIn>
              <connectionPointOut>
                <relPosition x="21" y="10"/>
              </connectionPointOut>
              <variable>VAR1</variable>
            </contact>
            <coil localId="58" negated="false" storage="set" width="21" height="20">
              <position x="470" y="450"/>
              <connectionPointIn>
                <relPosition x="0" y="10"/>
                <connection refLocalId="57">
                  <position x="470" y="460"/>
                  <position x="391" y="460"/>
                </connection>
              </connectionPointIn>
              <connectionPointOut>
                <relPosition x="21" y="10"/>
              </connectionPointOut>
              <variable>VAR2</variable>
            </coil>
            <contact localId="37" negated="true" width="21" height="20" executionOrderId="0">
              <position x="320" y="450"/>
              <connectionPointIn>
                <relPosition x="0" y="10"/>
                <connection refLocalId="38">
                  <position x="320" y="460"/>
                  <position x="281" y="460"/>
                </connection>
                <connection refLocalId="38">
                  <position x="320" y="460"/>
                  <position x="281" y="460"/>
                </connection>
              </connectionPointIn>
              <connectionPointOut>
                <relPosition x="21" y="10"/>
              </connectionPointOut>
              <variable>LED4</variable>
            </contact>
            <contact localId="38" negated="true" width="21" height="20" executionOrderId="0">
              <position x="260" y="450"/>
              <connectionPointIn>
                <relPosition x="0" y="10"/>
                <connection refLocalId="56">
                  <position x="260" y="460"/>
                  <position x="231" y="460"/>
                </connection>
              </connectionPointIn>
              <connectionPointOut>
                <relPosition x="21" y="10"/>
              </connectionPointOut>
              <variable>LED3</variable>
            </contact>
            <contact localId="56" negated="true" width="21" height="20" executionOrderId="0">
              <position x="210" y="450"/>
              <connectionPointIn>
                <relPosition x="0" y="10"/>
                <connection refLocalId="60">
                  <position x="210" y="460"/>
                  <position x="171" y="460"/>
                </connection>
              </connectionPointIn>
              <connectionPointOut>
                <relPosition x="21" y="10"/>
              </connectionPointOut>
              <variable>LED2</variable>
            </contact>
            <contact localId="60" negated="true" width="21" height="20" executionOrderId="0">
              <position x="150" y="450"/>
              <connectionPointIn>
                <relPosition x="0" y="10"/>
                <connection refLocalId="34">
                  <position x="150" y="460"/>
                  <position x="120" y="460"/>
                </connection>
              </connectionPointIn>
              <connectionPointOut>
                <relPosition x="21" y="10"/>
              </connectionPointOut>
              <variable>LED1</variable>
            </contact>
            <contact localId="61" negated="true" width="21" height="20">
              <position x="450" y="1160"/>
              <connectionPointIn>
                <relPosition x="0" y="10"/>
                <connection refLocalId="30">
                  <position x="450" y="1170"/>
                  <position x="361" y="1170"/>
                </connection>
              </connectionPointIn>
              <connectionPointOut>
                <relPosition x="21" y="10"/>
              </connectionPointOut>
              <variable>VAR1</variable>
            </contact>
            <contact localId="62" negated="true" width="21" height="20" executionOrderId="0">
              <position x="450" y="1200"/>
              <connectionPointIn>
                <relPosition x="0" y="10"/>
                <connection refLocalId="42">
                  <position x="450" y="1210"/>
                  <position x="405" y="1210"/>
                  <position x="405" y="1220"/>
                  <position x="361" y="1220"/>
                </connection>
              </connectionPointIn>
              <connectionPointOut>
                <relPosition x="21" y="10"/>
              </connectionPointOut>
              <variable>VAR1</variable>
            </contact>
            <contact localId="63" negated="true" width="21" height="20" executionOrderId="0">
              <position x="450" y="1240"/>
              <connectionPointIn>
                <relPosition x="0" y="10"/>
                <connection refLocalId="47">
                  <position x="450" y="1250"/>
                  <position x="405" y="1250"/>
                  <position x="405" y="1260"/>
                  <position x="361" y="1260"/>
                </connection>
              </connectionPointIn>
              <connectionPointOut>
                <relPosition x="21" y="10"/>
              </connectionPointOut>
              <variable>VAR1</variable>
            </contact>
            <contact localId="64" negated="true" width="21" height="20" executionOrderId="0">
              <position x="450" y="1280"/>
              <connectionPointIn>
                <relPosition x="0" y="10"/>
                <connection refLocalId="52">
                  <position x="450" y="1290"/>
                  <position x="405" y="1290"/>
                  <position x="405" y="1300"/>
                  <position x="361" y="1300"/>
                </connection>
              </connectionPointIn>
              <connectionPointOut>
                <relPosition x="21" y="10"/>
              </connectionPointOut>
              <variable>VAR1</variable>
            </contact>
            <contact localId="65" negated="true" width="21" height="20">
              <position x="200" y="1360"/>
              <connectionPointIn>
                <relPosition x="0" y="10"/>
                <connection refLocalId="71">
                  <position x="200" y="1370"/>
                  <position x="170" y="1370"/>
                </connection>
              </connectionPointIn>
              <connectionPointOut>
                <relPosition x="21" y="10"/>
              </connectionPointOut>
              <variable>VAR2</variable>
            </contact>
            <contact localId="71" negated="false" width="21" height="20">
              <position x="150" y="1360"/>
              <connectionPointIn>
                <relPosition x="0" y="10"/>
                <connection refLocalId="1">
                  <position x="150" y="1370"/>
                  <position x="120" y="1370"/>
                </connection>
              </connectionPointIn>
              <connectionPointOut>
                <relPosition x="21" y="10"/>
              </connectionPointOut>
              <variable>BP</variable>
            </contact>
            <coil localId="72" negated="false" storage="reset" width="21" height="20">
              <position x="250" y="1360"/>
              <connectionPointIn>
                <relPosition x="0" y="10"/>
                <connection refLocalId="65">
                  <position x="250" y="1370"/>
                  <position x="221" y="1370"/>
                </connection>
              </connectionPointIn>
              <connectionPointOut>
                <relPosition x="21" y="10"/>
              </connectionPointOut>
              <variable>DCY</variable>
            </coil>
            <coil localId="73" negated="false" storage="reset" width="21" height="20">
              <position x="250" y="1390"/>
              <connectionPointIn>
                <relPosition x="0" y="10"/>
                <connection refLocalId="65">
                  <position x="250" y="1400"/>
                  <position x="235" y="1400"/>
                  <position x="235" y="1370"/>
                  <position x="221" y="1370"/>
                </connection>
              </connectionPointIn>
              <connectionPointOut>
                <relPosition x="21" y="10"/>
              </connectionPointOut>
              <variable>LED1</variable>
            </coil>
            <coil localId="74" negated="false" storage="reset" width="21" height="20">
              <position x="250" y="1420"/>
              <connectionPointIn>
                <relPosition x="0" y="10"/>
                <connection refLocalId="65">
                  <position x="250" y="1430"/>
                  <position x="235" y="1430"/>
                  <position x="235" y="1370"/>
                  <position x="221" y="1370"/>
                </connection>
              </connectionPointIn>
              <connectionPointOut>
                <relPosition x="21" y="10"/>
              </connectionPointOut>
              <variable>LED2</variable>
            </coil>
            <coil localId="75" negated="false" storage="reset" width="21" height="20">
              <position x="250" y="1450"/>
              <connectionPointIn>
                <relPosition x="0" y="10"/>
                <connection refLocalId="65">
                  <position x="250" y="1460"/>
                  <position x="235" y="1460"/>
                  <position x="235" y="1370"/>
                  <position x="221" y="1370"/>
                </connection>
              </connectionPointIn>
              <connectionPointOut>
                <relPosition x="21" y="10"/>
              </connectionPointOut>
              <variable>LED3</variable>
            </coil>
            <coil localId="76" negated="false" storage="reset" width="21" height="20">
              <position x="250" y="1480"/>
              <connectionPointIn>
                <relPosition x="0" y="10"/>
                <connection refLocalId="65">
                  <position x="250" y="1490"/>
                  <position x="235" y="1490"/>
                  <position x="235" y="1370"/>
                  <position x="221" y="1370"/>
                </connection>
              </connectionPointIn>
              <connectionPointOut>
                <relPosition x="21" y="10"/>
              </connectionPointOut>
              <variable>LED4</variable>
            </coil>
          </LD>
        </body>
      </pou>
    </pous>
  </types>
  <instances>
    <configurations>
      <configuration name="Config0">
        <resource name="Res0">
          <task name="task0" priority="0" interval="T#20ms">
            <pouInstance name="instance0" typeName="program0"/>
          </task>
        </resource>
      </configuration>
    </configurations>
  </instances>
</project>
