<?xml version='1.0' encoding='utf-8'?>
<project xmlns="http://www.plcopen.org/xml/tc6_0201" xmlns:xsd="http://www.w3.org/2001/XMLSchema" xmlns:xhtml="http://www.w3.org/1999/xhtml" xmlns:ns1="http://www.plcopen.org/xml/tc6_0201">
  <fileHeader companyName="Inconnu" productName="SansNom" productVersion="1" creationDateTime="2024-05-01T19:09:14"/>
  <contentHeader name="SansNom" modificationDateTime="2024-05-01T21:06:04">
    <coordinateInfo>
      <fbd>
        <scaling x="10" y="10"/>
      </fbd>
      <ld>
        <scaling x="10" y="10"/>
      </ld>
      <sfc>
        <scaling x="10" y="10"/>
      </sfc>
    </coordinateInfo>
  </contentHeader>
  <types>
    <dataTypes/>
    <pous>
      <pou name="program0" pouType="program">
        <interface>
          <localVars>
            <variable name="BP" address="%IX0.0">
              <type>
                <BOOL/>
              </type>
              <documentation>
                <xhtml:p><![CDATA[Ceci est le bouton poussoir]]></xhtml:p>
              </documentation>
            </variable>
            <variable name="LED1" address="%QX0.0">
              <type>
                <BOOL/>
              </type>
              <documentation>
                <xhtml:p><![CDATA[LED]]></xhtml:p>
              </documentation>
            </variable>
            <variable name="LED2" address="%QX0.1">
              <type>
                <BOOL/>
              </type>
              <documentation>
                <xhtml:p><![CDATA[LED]]></xhtml:p>
              </documentation>
            </variable>
            <variable name="LED3" address="%QX0.2">
              <type>
                <BOOL/>
              </type>
              <documentation>
                <xhtml:p><![CDATA[LED]]></xhtml:p>
              </documentation>
            </variable>
            <variable name="LED4" address="%QX0.3">
              <type>
                <BOOL/>
              </type>
              <documentation>
                <xhtml:p><![CDATA[LED]]></xhtml:p>
              </documentation>
            </variable>
          </localVars>
          <localVars>
            <variable name="DCY">
              <type>
                <BOOL/>
              </type>
              <documentation>
                <xhtml:p><![CDATA[DCY]]></xhtml:p>
              </documentation>
            </variable>
            <variable name="VAR1">
              <type>
                <BOOL/>
              </type>
              <documentation>
                <xhtml:p><![CDATA[Variable auxiliaire]]></xhtml:p>
              </documentation>
            </variable>
            <variable name="TON0">
              <type>
                <derived name="TON"/>
              </type>
            </variable>
            <variable name="TON1">
              <type>
                <derived name="TON"/>
              </type>
            </variable>
            <variable name="TON2">
              <type>
                <derived name="TON"/>
              </type>
            </variable>
            <variable name="TON3">
              <type>
                <derived name="TON"/>
              </type>
            </variable>
          </localVars>
        </interface>
        <body>
          <LD>
            <leftPowerRail localId="1" width="10" height="1200">
              <position x="130" y="60"/>
              <connectionPointOut formalParameter="">
                <relPosition x="10" y="20"/>
              </connectionPointOut>
              <connectionPointOut formalParameter="">
                <relPosition x="10" y="60"/>
              </connectionPointOut>
              <connectionPointOut formalParameter="">
                <relPosition x="10" y="100"/>
              </connectionPointOut>
              <connectionPointOut formalParameter="">
                <relPosition x="10" y="140"/>
              </connectionPointOut>
              <connectionPointOut formalParameter="">
                <relPosition x="10" y="180"/>
              </connectionPointOut>
              <connectionPointOut formalParameter="">
                <relPosition x="10" y="220"/>
              </connectionPointOut>
              <connectionPointOut formalParameter="">
                <relPosition x="10" y="260"/>
              </connectionPointOut>
              <connectionPointOut formalParameter="">
                <relPosition x="10" y="300"/>
              </connectionPointOut>
              <connectionPointOut formalParameter="">
                <relPosition x="10" y="340"/>
              </connectionPointOut>
              <connectionPointOut formalParameter="">
                <relPosition x="10" y="380"/>
              </connectionPointOut>
              <connectionPointOut formalParameter="">
                <relPosition x="10" y="420"/>
              </connectionPointOut>
              <connectionPointOut formalParameter="">
                <relPosition x="10" y="460"/>
              </connectionPointOut>
              <connectionPointOut formalParameter="">
                <relPosition x="10" y="500"/>
              </connectionPointOut>
              <connectionPointOut formalParameter="">
                <relPosition x="10" y="540"/>
              </connectionPointOut>
              <connectionPointOut formalParameter="">
                <relPosition x="10" y="580"/>
              </connectionPointOut>
              <connectionPointOut formalParameter="">
                <relPosition x="10" y="620"/>
              </connectionPointOut>
              <connectionPointOut formalParameter="">
                <relPosition x="10" y="660"/>
              </connectionPointOut>
              <connectionPointOut formalParameter="">
                <relPosition x="10" y="700"/>
              </connectionPointOut>
              <connectionPointOut formalParameter="">
                <relPosition x="10" y="740"/>
              </connectionPointOut>
              <connectionPointOut formalParameter="">
                <relPosition x="10" y="780"/>
              </connectionPointOut>
              <connectionPointOut formalParameter="">
                <relPosition x="10" y="820"/>
              </connectionPointOut>
              <connectionPointOut formalParameter="">
                <relPosition x="10" y="860"/>
              </connectionPointOut>
              <connectionPointOut formalParameter="">
                <relPosition x="10" y="900"/>
              </connectionPointOut>
              <connectionPointOut formalParameter="">
                <relPosition x="10" y="940"/>
              </connectionPointOut>
              <connectionPointOut formalParameter="">
                <relPosition x="10" y="980"/>
              </connectionPointOut>
              <connectionPointOut formalParameter="">
                <relPosition x="10" y="1020"/>
              </connectionPointOut>
              <connectionPointOut formalParameter="">
                <relPosition x="10" y="1060"/>
              </connectionPointOut>
              <connectionPointOut formalParameter="">
                <relPosition x="10" y="1100"/>
              </connectionPointOut>
              <connectionPointOut formalParameter="">
                <relPosition x="10" y="1140"/>
              </connectionPointOut>
              <connectionPointOut formalParameter="">
                <relPosition x="10" y="1180"/>
              </connectionPointOut>
            </leftPowerRail>
            <rightPowerRail localId="2" width="10" height="1200">
              <position x="520" y="60"/>
              <connectionPointIn>
                <relPosition x="0" y="20"/>
                <connection refLocalId="4">
                  <position x="520" y="80"/>
                  <position x="451" y="80"/>
                </connection>
              </connectionPointIn>
              <connectionPointIn>
                <relPosition x="0" y="60"/>
                <connection refLocalId="26">
                  <position x="520" y="120"/>
                  <position x="401" y="120"/>
                </connection>
              </connectionPointIn>
              <connectionPointIn>
                <relPosition x="0" y="100"/>
                <connection refLocalId="6">
                  <position x="520" y="160"/>
                  <position x="401" y="160"/>
                </connection>
              </connectionPointIn>
              <connectionPointIn>
                <relPosition x="0" y="140"/>
                <connection refLocalId="10">
                  <position x="520" y="200"/>
                  <position x="461" y="200"/>
                </connection>
              </connectionPointIn>
              <connectionPointIn>
                <relPosition x="0" y="180"/>
                <connection refLocalId="11">
                  <position x="520" y="240"/>
                  <position x="461" y="240"/>
                </connection>
              </connectionPointIn>
              <connectionPointIn>
                <relPosition x="0" y="220"/>
                <connection refLocalId="15">
                  <position x="520" y="280"/>
                  <position x="451" y="280"/>
                </connection>
              </connectionPointIn>
              <connectionPointIn>
                <relPosition x="0" y="260"/>
                <connection refLocalId="16">
                  <position x="520" y="320"/>
                  <position x="451" y="320"/>
                </connection>
              </connectionPointIn>
              <connectionPointIn>
                <relPosition x="0" y="300"/>
              </connectionPointIn>
              <connectionPointIn>
                <relPosition x="0" y="340"/>
                <connection refLocalId="20">
                  <position x="520" y="400"/>
                  <position x="441" y="400"/>
                </connection>
              </connectionPointIn>
              <connectionPointIn>
                <relPosition x="0" y="380"/>
                <connection refLocalId="21">
                  <position x="520" y="440"/>
                  <position x="441" y="440"/>
                </connection>
              </connectionPointIn>
              <connectionPointIn>
                <relPosition x="0" y="420"/>
              </connectionPointIn>
              <connectionPointIn>
                <relPosition x="0" y="460"/>
                <connection refLocalId="25">
                  <position x="520" y="520"/>
                  <position x="451" y="520"/>
                </connection>
              </connectionPointIn>
              <connectionPointIn>
                <relPosition x="0" y="500"/>
              </connectionPointIn>
              <connectionPointIn>
                <relPosition x="0" y="540"/>
              </connectionPointIn>
              <connectionPointIn>
                <relPosition x="0" y="580"/>
              </connectionPointIn>
              <connectionPointIn>
                <relPosition x="0" y="620"/>
              </connectionPointIn>
              <connectionPointIn>
                <relPosition x="0" y="660"/>
              </connectionPointIn>
              <connectionPointIn>
                <relPosition x="0" y="700"/>
              </connectionPointIn>
              <connectionPointIn>
                <relPosition x="0" y="740"/>
              </connectionPointIn>
              <connectionPointIn>
                <relPosition x="0" y="780"/>
              </connectionPointIn>
              <connectionPointIn>
                <relPosition x="0" y="820"/>
              </connectionPointIn>
              <connectionPointIn>
                <relPosition x="0" y="860"/>
              </connectionPointIn>
              <connectionPointIn>
                <relPosition x="0" y="900"/>
              </connectionPointIn>
              <connectionPointIn>
                <relPosition x="0" y="940"/>
              </connectionPointIn>
              <connectionPointIn>
                <relPosition x="0" y="980"/>
              </connectionPointIn>
              <connectionPointIn>
                <relPosition x="0" y="1020"/>
              </connectionPointIn>
              <connectionPointIn>
                <relPosition x="0" y="1060"/>
              </connectionPointIn>
              <connectionPointIn>
                <relPosition x="0" y="1100"/>
              </connectionPointIn>
              <connectionPointIn>
                <relPosition x="0" y="1140"/>
              </connectionPointIn>
              <connectionPointIn>
                <relPosition x="0" y="1180"/>
              </connectionPointIn>
            </rightPowerRail>
            <contact localId="3" negated="false" width="21" height="20">
              <position x="370" y="70"/>
              <connectionPointIn>
                <relPosition x="0" y="10"/>
                <connection refLocalId="30">
                  <position x="370" y="80"/>
                  <position x="350" y="80"/>
                </connection>
              </connectionPointIn>
              <connectionPointOut>
                <relPosition x="21" y="10"/>
              </connectionPointOut>
              <variable>BP</variable>
            </contact>
            <coil localId="4" negated="false" width="21" height="20" storage="set">
              <position x="430" y="70"/>
              <connectionPointIn>
                <relPosition x="0" y="10"/>
                <connection refLocalId="3">
                  <position x="430" y="80"/>
                  <position x="391" y="80"/>
                </connection>
              </connectionPointIn>
              <connectionPointOut>
                <relPosition x="21" y="10"/>
              </connectionPointOut>
              <variable>DCY</variable>
            </coil>
            <inVariable localId="19" width="80" height="30" negated="false">
              <position x="210" y="420"/>
              <connectionPointOut>
                <relPosition x="80" y="10"/>
              </connectionPointOut>
              <expression>T#5000ms</expression>
            </inVariable>
            <inVariable localId="24" width="80" height="30" negated="false">
              <position x="200" y="560"/>
              <connectionPointOut>
                <relPosition x="80" y="10"/>
              </connectionPointOut>
              <expression>T#5000ms</expression>
            </inVariable>
            <coil localId="6" negated="false" storage="set" width="21" height="20" executionOrderId="0">
              <position x="380" y="150"/>
              <connectionPointIn>
                <relPosition x="0" y="10"/>
                <connection refLocalId="5">
                  <position x="380" y="160"/>
                  <position x="271" y="160"/>
                </connection>
              </connectionPointIn>
              <connectionPointOut>
                <relPosition x="21" y="10"/>
              </connectionPointOut>
              <variable>LED1</variable>
            </coil>
            <contact localId="5" negated="false" width="21" height="20" executionOrderId="0">
              <position x="250" y="150"/>
              <connectionPointIn>
                <relPosition x="0" y="10"/>
                <connection refLocalId="1">
                  <position x="250" y="160"/>
                  <position x="140" y="160"/>
                </connection>
              </connectionPointIn>
              <connectionPointOut>
                <relPosition x="21" y="10"/>
              </connectionPointOut>
              <variable>DCY</variable>
            </contact>
            <coil localId="10" negated="false" storage="reset" width="21" height="20" executionOrderId="0">
              <position x="440" y="190"/>
              <connectionPointIn>
                <relPosition x="0" y="10"/>
                <connection refLocalId="8" formalParameter="Q">
                  <position x="440" y="200"/>
                  <position x="390" y="200"/>
                </connection>
              </connectionPointIn>
              <connectionPointOut>
                <relPosition x="21" y="10"/>
              </connectionPointOut>
              <variable>LED1</variable>
            </coil>
            <block localId="8" typeName="TON" instanceName="TON0" width="50" height="60" executionOrderId="0">
              <position x="340" y="170"/>
              <inputVariables>
                <variable formalParameter="IN">
                  <connectionPointIn>
                    <relPosition x="0" y="30"/>
                    <connection refLocalId="7">
                      <position x="340" y="200"/>
                      <position x="271" y="200"/>
                    </connection>
                  </connectionPointIn>
                </variable>
                <variable formalParameter="PT">
                  <connectionPointIn>
                    <relPosition x="0" y="50"/>
                    <connection refLocalId="9">
                      <position x="340" y="220"/>
                      <position x="315" y="220"/>
                      <position x="315" y="230"/>
                      <position x="300" y="230"/>
                    </connection>
                  </connectionPointIn>
                </variable>
              </inputVariables>
              <inOutVariables/>
              <outputVariables>
                <variable formalParameter="Q">
                  <connectionPointOut>
                    <relPosition x="50" y="30"/>
                  </connectionPointOut>
                </variable>
                <variable formalParameter="ET">
                  <connectionPointOut>
                    <relPosition x="50" y="50"/>
                  </connectionPointOut>
                </variable>
              </outputVariables>
            </block>
            <contact localId="7" negated="false" width="21" height="20" executionOrderId="0">
              <position x="250" y="190"/>
              <connectionPointIn>
                <relPosition x="0" y="10"/>
                <connection refLocalId="1">
                  <position x="250" y="200"/>
                  <position x="140" y="200"/>
                </connection>
              </connectionPointIn>
              <connectionPointOut>
                <relPosition x="21" y="10"/>
              </connectionPointOut>
              <variable>LED1</variable>
            </contact>
            <inVariable localId="9" width="80" height="30" negated="false" executionOrderId="0">
              <position x="220" y="220"/>
              <connectionPointOut>
                <relPosition x="80" y="10"/>
              </connectionPointOut>
              <expression>T#5000ms</expression>
            </inVariable>
            <coil localId="11" negated="false" storage="set" width="21" height="20" executionOrderId="0">
              <position x="440" y="230"/>
              <connectionPointIn>
                <relPosition x="0" y="10"/>
                <connection refLocalId="8" formalParameter="Q">
                  <position x="440" y="240"/>
                  <position x="415" y="240"/>
                  <position x="415" y="200"/>
                  <position x="390" y="200"/>
                </connection>
              </connectionPointIn>
              <connectionPointOut>
                <relPosition x="21" y="10"/>
              </connectionPointOut>
              <variable>LED2</variable>
            </coil>
            <coil localId="15" negated="false" storage="reset" width="21" height="20" executionOrderId="0">
              <position x="430" y="270"/>
              <connectionPointIn>
                <relPosition x="0" y="10"/>
                <connection refLocalId="13" formalParameter="Q">
                  <position x="430" y="280"/>
                  <position x="390" y="280"/>
                </connection>
              </connectionPointIn>
              <connectionPointOut>
                <relPosition x="21" y="10"/>
              </connectionPointOut>
              <variable>LED2</variable>
            </coil>
            <block localId="13" typeName="TON" instanceName="TON1" width="50" height="60" executionOrderId="0">
              <position x="340" y="250"/>
              <inputVariables>
                <variable formalParameter="IN">
                  <connectionPointIn>
                    <relPosition x="0" y="30"/>
                    <connection refLocalId="12">
                      <position x="340" y="280"/>
                      <position x="271" y="280"/>
                    </connection>
                  </connectionPointIn>
                </variable>
                <variable formalParameter="PT">
                  <connectionPointIn>
                    <relPosition x="0" y="50"/>
                    <connection refLocalId="14">
                      <position x="340" y="300"/>
                      <position x="320" y="300"/>
                      <position x="320" y="330"/>
                      <position x="300" y="330"/>
                    </connection>
                  </connectionPointIn>
                </variable>
              </inputVariables>
              <inOutVariables/>
              <outputVariables>
                <variable formalParameter="Q">
                  <connectionPointOut>
                    <relPosition x="50" y="30"/>
                  </connectionPointOut>
                </variable>
                <variable formalParameter="ET">
                  <connectionPointOut>
                    <relPosition x="50" y="50"/>
                  </connectionPointOut>
                </variable>
              </outputVariables>
            </block>
            <contact localId="12" negated="false" width="21" height="20" executionOrderId="0">
              <position x="250" y="270"/>
              <connectionPointIn>
                <relPosition x="0" y="10"/>
                <connection refLocalId="1">
                  <position x="250" y="280"/>
                  <position x="140" y="280"/>
                </connection>
              </connectionPointIn>
              <connectionPointOut>
                <relPosition x="21" y="10"/>
              </connectionPointOut>
              <variable>LED2</variable>
            </contact>
            <inVariable localId="14" width="80" height="30" negated="false" executionOrderId="0">
              <position x="220" y="310"/>
              <connectionPointOut>
                <relPosition x="80" y="20"/>
              </connectionPointOut>
              <expression>T#5000ms</expression>
            </inVariable>
            <coil localId="16" negated="false" storage="set" width="21" height="20" executionOrderId="0">
              <position x="430" y="310"/>
              <connectionPointIn>
                <relPosition x="0" y="10"/>
                <connection refLocalId="13" formalParameter="Q">
                  <position x="430" y="320"/>
                  <position x="410" y="320"/>
                  <position x="410" y="280"/>
                  <position x="390" y="280"/>
                </connection>
              </connectionPointIn>
              <connectionPointOut>
                <relPosition x="21" y="10"/>
              </connectionPointOut>
              <variable>LED3</variable>
            </coil>
            <coil localId="20" negated="false" storage="reset" width="21" height="20" executionOrderId="0">
              <position x="420" y="390"/>
              <connectionPointIn>
                <relPosition x="0" y="10"/>
                <connection refLocalId="18" formalParameter="Q">
                  <position x="420" y="400"/>
                  <position x="370" y="400"/>
                </connection>
              </connectionPointIn>
              <connectionPointOut>
                <relPosition x="21" y="10"/>
              </connectionPointOut>
              <variable>LED3</variable>
            </coil>
            <block localId="18" typeName="TON" instanceName="TON2" width="50" height="60" executionOrderId="0">
              <position x="320" y="370"/>
              <inputVariables>
                <variable formalParameter="IN">
                  <connectionPointIn>
                    <relPosition x="0" y="30"/>
                    <connection refLocalId="17">
                      <position x="320" y="400"/>
                      <position x="261" y="400"/>
                    </connection>
                  </connectionPointIn>
                </variable>
                <variable formalParameter="PT">
                  <connectionPointIn>
                    <relPosition x="0" y="50"/>
                    <connection refLocalId="19">
                      <position x="320" y="420"/>
                      <position x="305" y="420"/>
                      <position x="305" y="430"/>
                      <position x="290" y="430"/>
                    </connection>
                  </connectionPointIn>
                </variable>
              </inputVariables>
              <inOutVariables/>
              <outputVariables>
                <variable formalParameter="Q">
                  <connectionPointOut>
                    <relPosition x="50" y="30"/>
                  </connectionPointOut>
                </variable>
                <variable formalParameter="ET">
                  <connectionPointOut>
                    <relPosition x="50" y="50"/>
                  </connectionPointOut>
                </variable>
              </outputVariables>
            </block>
            <contact localId="17" negated="false" width="21" height="20" executionOrderId="0">
              <position x="240" y="390"/>
              <connectionPointIn>
                <relPosition x="0" y="10"/>
                <connection refLocalId="1">
                  <position x="240" y="400"/>
                  <position x="140" y="400"/>
                </connection>
              </connectionPointIn>
              <connectionPointOut>
                <relPosition x="21" y="10"/>
              </connectionPointOut>
              <variable>LED3</variable>
            </contact>
            <coil localId="21" negated="false" storage="set" width="21" height="20" executionOrderId="0">
              <position x="420" y="430"/>
              <connectionPointIn>
                <relPosition x="0" y="10"/>
                <connection refLocalId="18" formalParameter="Q">
                  <position x="420" y="440"/>
                  <position x="395" y="440"/>
                  <position x="395" y="400"/>
                  <position x="370" y="400"/>
                </connection>
              </connectionPointIn>
              <connectionPointOut>
                <relPosition x="21" y="10"/>
              </connectionPointOut>
              <variable>LED4</variable>
            </coil>
            <coil localId="25" negated="false" storage="reset" width="21" height="20" executionOrderId="0">
              <position x="430" y="510"/>
              <connectionPointIn>
                <relPosition x="0" y="10"/>
                <connection refLocalId="23" formalParameter="Q">
                  <position x="430" y="520"/>
                  <position x="370" y="520"/>
                </connection>
              </connectionPointIn>
              <connectionPointOut>
                <relPosition x="21" y="10"/>
              </connectionPointOut>
              <variable>LED4</variable>
            </coil>
            <block localId="23" typeName="TON" instanceName="TON3" width="50" height="60" executionOrderId="0">
              <position x="320" y="490"/>
              <inputVariables>
                <variable formalParameter="IN">
                  <connectionPointIn>
                    <relPosition x="0" y="30"/>
                    <connection refLocalId="22">
                      <position x="320" y="520"/>
                      <position x="271" y="520"/>
                    </connection>
                  </connectionPointIn>
                </variable>
                <variable formalParameter="PT">
                  <connectionPointIn>
                    <relPosition x="0" y="50"/>
                    <connection refLocalId="24">
                      <position x="320" y="540"/>
                      <position x="300" y="540"/>
                      <position x="300" y="570"/>
                      <position x="280" y="570"/>
                    </connection>
                  </connectionPointIn>
                </variable>
              </inputVariables>
              <inOutVariables/>
              <outputVariables>
                <variable formalParameter="Q">
                  <connectionPointOut>
                    <relPosition x="50" y="30"/>
                  </connectionPointOut>
                </variable>
                <variable formalParameter="ET">
                  <connectionPointOut>
                    <relPosition x="50" y="50"/>
                  </connectionPointOut>
                </variable>
              </outputVariables>
            </block>
            <contact localId="22" negated="false" width="21" height="20" executionOrderId="0">
              <position x="250" y="510"/>
              <connectionPointIn>
                <relPosition x="0" y="10"/>
                <connection refLocalId="1">
                  <position x="250" y="520"/>
                  <position x="140" y="520"/>
                </connection>
              </connectionPointIn>
              <connectionPointOut>
                <relPosition x="21" y="10"/>
              </connectionPointOut>
              <variable>LED4</variable>
            </contact>
            <coil localId="26" negated="false" storage="reset" width="21" height="20">
              <position x="380" y="110"/>
              <connectionPointIn>
                <relPosition x="0" y="10"/>
                <connection refLocalId="5">
                  <position x="380" y="120"/>
                  <position x="325" y="120"/>
                  <position x="325" y="160"/>
                  <position x="271" y="160"/>
                </connection>
              </connectionPointIn>
              <connectionPointOut>
                <relPosition x="21" y="10"/>
              </connectionPointOut>
              <variable>DCY</variable>
            </coil>
            <contact localId="27" negated="true" width="21" height="20">
              <position x="180" y="70"/>
              <connectionPointIn>
                <relPosition x="0" y="10"/>
                <connection refLocalId="1">
                  <position x="180" y="80"/>
                  <position x="140" y="80"/>
                </connection>
              </connectionPointIn>
              <connectionPointOut>
                <relPosition x="21" y="10"/>
              </connectionPointOut>
              <variable>LED1</variable>
            </contact>
            <contact localId="28" negated="true" width="21" height="20">
              <position x="230" y="70"/>
              <connectionPointIn>
                <relPosition x="0" y="10"/>
                <connection refLocalId="27">
                  <position x="230" y="80"/>
                  <position x="201" y="80"/>
                </connection>
              </connectionPointIn>
              <connectionPointOut>
                <relPosition x="21" y="10"/>
              </connectionPointOut>
              <variable>LED2</variable>
            </contact>
            <contact localId="29" negated="true" width="21" height="20">
              <position x="280" y="70"/>
              <connectionPointIn>
                <relPosition x="0" y="10"/>
                <connection refLocalId="28">
                  <position x="280" y="80"/>
                  <position x="251" y="80"/>
                </connection>
              </connectionPointIn>
              <connectionPointOut>
                <relPosition x="21" y="10"/>
              </connectionPointOut>
              <variable>LED3</variable>
            </contact>
            <contact localId="30" negated="true" width="21" height="20">
              <position x="330" y="70"/>
              <connectionPointIn>
                <relPosition x="0" y="10"/>
                <connection refLocalId="29">
                  <position x="330" y="80"/>
                  <position x="301" y="80"/>
                </connection>
              </connectionPointIn>
              <connectionPointOut>
                <relPosition x="21" y="10"/>
              </connectionPointOut>
              <variable>LED4</variable>
            </contact>
          </LD>
        </body>
      </pou>
    </pous>
  </types>
  <instances>
    <configurations>
      <configuration name="Config0">
        <resource name="Res0">
          <task name="task0" priority="0" interval="T#20ms">
            <pouInstance name="instance0" typeName="program0"/>
          </task>
        </resource>
      </configuration>
    </configurations>
  </instances>
</project>
